path,contempt,happiness,neutral,fear,sadness,disgust,surprise,anger,audio
uploads/11_3.webm,0.0,1.0,0.0,0.0,0.0,0.0,0.0,0.0,0.9739301204681396
uploads/video_20181103215804.webm,0.0,3.0,6.0,0.0,0.0,0.0,0.0,0.0,0.9739301204681396
uploads/video_20181103215913.webm,0.0,6.0,3.0,0.0,0.0,0.0,0.0,0.0,0.9739301204681396
uploads/video_20181103220246.webm,0.0,3.0,6.0,0.0,0.0,0.0,0.0,0.0,0.9739301204681396
uploads/video_20181103222006.webm,0.0,6.0,3.0,0.0,0.0,0.0,0.0,0.0,0.9739301204681396
